epoch,boarding,od_flow,od_line_flow,alighting
0,-5.675057429342857,-6.092415466779214,-1.965795143300563,-11.144934363974267
1,-5.675057429342857,-6.092415466779214,-1.965795143300563,-11.144934363974267
2,-5.675057429342857,-6.092415466779214,-1.965795143300563,-11.144934363974267
3,-5.675057429342857,-6.092415466779214,-1.965795143300563,-11.144934363974267
4,-5.675057429342857,-6.092415466779214,-1.965795143300563,-11.144934363974267
5,-5.675057429342857,-6.092415466779214,-1.965795143300563,-11.144934363974267
6,-5.675057429342857,-6.092415466779214,-1.965795143300563,-11.144934363974267
7,-5.675057429342857,-6.092415466779214,-1.965795143300563,-11.144934363974267
8,-5.675057429342857,-6.092415466779214,-1.965795143300563,-11.144934363974267
9,-5.675057429342857,-6.092415466779214,-1.965795143300563,-11.144934363974267
10,-5.675057429342857,-6.092415466779214,-1.965795143300563,-11.144934363974267
11,-5.675057429342857,-6.092415466779214,-1.965795143300563,-11.144934363974267
12,-5.675057429342857,-6.092415466779214,-1.965795143300563,-11.144934363974267
13,-5.675057429342857,-6.092415466779214,-1.965795143300563,-11.144934363974267
14,-5.675057429342857,-6.092415466779214,-1.965795143300563,-11.144934363974267
15,-5.675057429342857,-6.092415466779214,-1.965795143300563,-11.144934363974267
16,-5.675057429342857,-6.092415466779214,-1.965795143300563,-11.144934363974267
17,-5.675057429342857,-6.092415466779214,-1.965795143300563,-11.144934363974267
18,-5.675057429342857,-6.092415466779214,-1.965795143300563,-11.144934363974267
19,-5.675057429342857,-6.092415466779214,-1.965795143300563,-11.144934363974267
20,-5.675057429342857,-6.092415466779214,-1.965795143300563,-11.144934363974267
21,-5.675057429342857,-6.092415466779214,-1.965795143300563,-11.144934363974267
22,-5.675057429342857,-6.092415466779214,-1.965795143300563,-11.144934363974267
23,-5.675057429342857,-6.092415466779214,-1.965795143300563,-11.144934363974267
24,-5.675057429342857,-6.092415466779214,-1.965795143300563,-11.144934363974267
25,-5.675057429342857,-6.092415466779214,-1.965795143300563,-11.144934363974267
26,-5.675057429342857,-6.092415466779214,-1.965795143300563,-11.144934363974267
27,-5.675057429342857,-6.092415466779214,-1.965795143300563,-11.144934363974267
28,-5.675057429342857,-6.092415466779214,-1.965795143300563,-11.144934363974267
29,-5.675057429342857,-6.092415466779214,-1.965795143300563,-11.144934363974267
30,-5.675057429342857,-6.092415466779214,-1.965795143300563,-11.144934363974267
31,-5.675057429342857,-6.092415466779214,-1.965795143300563,-11.144934363974267
32,-5.675057429342857,-6.092415466779214,-1.965795143300563,-11.144934363974267
33,-5.675057429342857,-6.092415466779214,-1.965795143300563,-11.144934363974267
34,-5.675057429342857,-6.092415466779214,-1.965795143300563,-11.144934363974267
35,-5.675057429342857,-6.092415466779214,-1.965795143300563,-11.144934363974267
36,-5.675057429342857,-6.092415466779214,-1.965795143300563,-11.144934363974267
37,-5.675057429342857,-6.092415466779214,-1.965795143300563,-11.144934363974267
38,-5.675057429342857,-6.092415466779214,-1.965795143300563,-11.144934363974267
39,-5.675057429342857,-6.092415466779214,-1.965795143300563,-11.144934363974267
40,-5.675057429342857,-6.092415466779214,-1.965795143300563,-11.144934363974267
41,-5.675057429342857,-6.092415466779214,-1.965795143300563,-11.144934363974267
42,-5.675057429342857,-6.092415466779214,-1.965795143300563,-11.144934363974267
43,-5.675057429342857,-6.092415466779214,-1.965795143300563,-11.144934363974267
44,-5.675057429342857,-6.092415466779214,-1.965795143300563,-11.144934363974267
45,-5.675057429342857,-6.092415466779214,-1.965795143300563,-11.144934363974267
46,-5.675057429342857,-6.092415466779214,-1.965795143300563,-11.144934363974267
47,-5.675057429342857,-6.092415466779214,-1.965795143300563,-11.144934363974267
48,-5.675057429342857,-6.092415466779214,-1.965795143300563,-11.144934363974267
49,-5.675057429342857,-6.092415466779214,-1.965795143300563,-11.144934363974267
50,-5.675057429342857,-6.092415466779214,-1.965795143300563,-11.144934363974267
51,-5.675057429342857,-6.092415466779214,-1.965795143300563,-11.144934363974267
52,-5.675057429342857,-6.092415466779214,-1.965795143300563,-11.144934363974267
53,-5.675057429342857,-6.092415466779214,-1.965795143300563,-11.144934363974267
54,-5.675057429342857,-6.092415466779214,-1.965795143300563,-11.144934363974267
55,-5.675057429342857,-6.092415466779214,-1.965795143300563,-11.144934363974267
56,-5.675057429342857,-6.092415466779214,-1.965795143300563,-11.144934363974267
57,-5.675057429342857,-6.092415466779214,-1.965795143300563,-11.144934363974267
58,-5.675057429342857,-6.092415466779214,-1.965795143300563,-11.144934363974267
59,-5.675057429342857,-6.092415466779214,-1.965795143300563,-11.144934363974267
60,-5.675057429342857,-6.092415466779214,-1.965795143300563,-11.144934363974267
61,-5.675057429342857,-6.092415466779214,-1.965795143300563,-11.144934363974267
62,-5.675057429342857,-6.092415466779214,-1.965795143300563,-11.144934363974267
63,-5.675057429342857,-6.092415466779214,-1.965795143300563,-11.144934363974267
64,-5.675057429342857,-6.092415466779214,-1.965795143300563,-11.144934363974267
65,-5.675057429342857,-6.092415466779214,-1.965795143300563,-11.144934363974267
66,-5.675057429342857,-6.092415466779214,-1.965795143300563,-11.144934363974267
67,-5.675057429342857,-6.092415466779214,-1.965795143300563,-11.144934363974267
68,-5.675057429342857,-6.092415466779214,-1.965795143300563,-11.144934363974267
69,-5.675057429342857,-6.092415466779214,-1.965795143300563,-11.144934363974267
70,-5.675057429342857,-6.092415466779214,-1.965795143300563,-11.144934363974267
71,-5.675057429342857,-6.092415466779214,-1.965795143300563,-11.144934363974267
72,-5.675057429342857,-6.092415466779214,-1.965795143300563,-11.144934363974267
73,-5.675057429342857,-6.092415466779214,-1.965795143300563,-11.144934363974267
74,-5.675057429342857,-6.092415466779214,-1.965795143300563,-11.144934363974267
75,-5.675057429342857,-6.092415466779214,-1.965795143300563,-11.144934363974267
76,-5.675057429342857,-6.092415466779214,-1.965795143300563,-11.144934363974267
77,-5.675057429342857,-6.092415466779214,-1.965795143300563,-11.144934363974267
78,-5.675057429342857,-6.092415466779214,-1.965795143300563,-11.144934363974267
79,-5.675057429342857,-6.092415466779214,-1.965795143300563,-11.144934363974267
80,-5.675057429342857,-6.092415466779214,-1.965795143300563,-11.144934363974267
81,-5.675057429342857,-6.092415466779214,-1.965795143300563,-11.144934363974267
82,-5.675057429342857,-6.092415466779214,-1.965795143300563,-11.144934363974267
83,-5.675057429342857,-6.092415466779214,-1.965795143300563,-11.144934363974267
84,-5.675057429342857,-6.092415466779214,-1.965795143300563,-11.144934363974267
85,-5.675057429342857,-6.092415466779214,-1.965795143300563,-11.144934363974267
86,-5.675057429342857,-6.092415466779214,-1.965795143300563,-11.144934363974267
87,-5.675057429342857,-6.092415466779214,-1.965795143300563,-11.144934363974267
88,-5.675057429342857,-6.092415466779214,-1.965795143300563,-11.144934363974267
89,-5.675057429342857,-6.092415466779214,-1.965795143300563,-11.144934363974267
90,-5.675057429342857,-6.092415466779214,-1.965795143300563,-11.144934363974267
91,-5.675057429342857,-6.092415466779214,-1.965795143300563,-11.144934363974267
92,-5.675057429342857,-6.092415466779214,-1.965795143300563,-11.144934363974267
93,-5.675057429342857,-6.092415466779214,-1.965795143300563,-11.144934363974267
94,-5.675057429342857,-6.092415466779214,-1.965795143300563,-11.144934363974267
95,-5.675057429342857,-6.092415466779214,-1.965795143300563,-11.144934363974267
96,-5.675057429342857,-6.092415466779214,-1.965795143300563,-11.144934363974267
97,-5.675057429342857,-6.092415466779214,-1.965795143300563,-11.144934363974267
98,-5.675057429342857,-6.092415466779214,-1.965795143300563,-11.144934363974267
99,-5.675057429342857,-6.092415466779214,-1.965795143300563,-11.144934363974267
100,-5.675057429342857,-6.092415466779214,-1.965795143300563,-11.144934363974267
101,-5.675057429342857,-6.092415466779214,-1.965795143300563,-11.144934363974267
102,-5.675057429342857,-6.092415466779214,-1.965795143300563,-11.144934363974267
103,-5.675057429342857,-6.092415466779214,-1.965795143300563,-11.144934363974267
104,-5.675057429342857,-6.092415466779214,-1.965795143300563,-11.144934363974267
105,-5.675057429342857,-6.092415466779214,-1.965795143300563,-11.144934363974267
106,-5.675057429342857,-6.092415466779214,-1.965795143300563,-11.144934363974267
107,-5.675057429342857,-6.092415466779214,-1.965795143300563,-11.144934363974267
108,-5.675057429342857,-6.092415466779214,-1.965795143300563,-11.144934363974267
109,-5.675057429342857,-6.092415466779214,-1.965795143300563,-11.144934363974267
110,-5.675057429342857,-6.092415466779214,-1.965795143300563,-11.144934363974267
111,-5.675057429342857,-6.092415466779214,-1.965795143300563,-11.144934363974267
112,-5.675057429342857,-6.092415466779214,-1.965795143300563,-11.144934363974267
113,-5.675057429342857,-6.092415466779214,-1.965795143300563,-11.144934363974267
114,-5.675057429342857,-6.092415466779214,-1.965795143300563,-11.144934363974267
115,-5.675057429342857,-6.092415466779214,-1.965795143300563,-11.144934363974267
116,-5.675057429342857,-6.092415466779214,-1.965795143300563,-11.144934363974267
117,-5.675057429342857,-6.092415466779214,-1.965795143300563,-11.144934363974267
118,-5.675057429342857,-6.092415466779214,-1.965795143300563,-11.144934363974267
119,-5.675057429342857,-6.092415466779214,-1.965795143300563,-11.144934363974267
120,-5.675057429342857,-6.092415466779214,-1.965795143300563,-11.144934363974267
121,-5.675057429342857,-6.092415466779214,-1.965795143300563,-11.144934363974267
122,-5.675057429342857,-6.092415466779214,-1.965795143300563,-11.144934363974267
123,-5.675057429342857,-6.092415466779214,-1.965795143300563,-11.144934363974267
124,-5.675057429342857,-6.092415466779214,-1.965795143300563,-11.144934363974267
125,-5.675057429342857,-6.092415466779214,-1.965795143300563,-11.144934363974267
126,-5.675057429342857,-6.092415466779214,-1.965795143300563,-11.144934363974267
127,-5.675057429342857,-6.092415466779214,-1.965795143300563,-11.144934363974267
128,-5.675057429342857,-6.092415466779214,-1.965795143300563,-11.144934363974267
129,-5.675057429342857,-6.092415466779214,-1.965795143300563,-11.144934363974267
130,-5.675057429342857,-6.092415466779214,-1.965795143300563,-11.144934363974267
131,-5.675057429342857,-6.092415466779214,-1.965795143300563,-11.144934363974267
132,-5.675057429342857,-6.092415466779214,-1.965795143300563,-11.144934363974267
133,-5.675057429342857,-6.092415466779214,-1.965795143300563,-11.144934363974267
134,-5.675057429342857,-6.092415466779214,-1.965795143300563,-11.144934363974267
135,-5.675057429342857,-6.092415466779214,-1.965795143300563,-11.144934363974267
136,-5.675057429342857,-6.092415466779214,-1.965795143300563,-11.144934363974267
137,-5.675057429342857,-6.092415466779214,-1.965795143300563,-11.144934363974267
138,-5.675057429342857,-6.092415466779214,-1.965795143300563,-11.144934363974267
139,-5.675057429342857,-6.092415466779214,-1.965795143300563,-11.144934363974267
140,-5.675057429342857,-6.092415466779214,-1.965795143300563,-11.144934363974267
141,-5.675057429342857,-6.092415466779214,-1.965795143300563,-11.144934363974267
142,-5.675057429342857,-6.092415466779214,-1.965795143300563,-11.144934363974267
143,-5.675057429342857,-6.092415466779214,-1.965795143300563,-11.144934363974267
144,-5.675057429342857,-6.092415466779214,-1.965795143300563,-11.144934363974267
145,-5.675057429342857,-6.092415466779214,-1.965795143300563,-11.144934363974267
146,-5.675057429342857,-6.092415466779214,-1.965795143300563,-11.144934363974267
147,-5.675057429342857,-6.092415466779214,-1.965795143300563,-11.144934363974267
148,-5.675057429342857,-6.092415466779214,-1.965795143300563,-11.144934363974267
149,-5.675057429342857,-6.092415466779214,-1.965795143300563,-11.144934363974267
150,-5.675057429342857,-6.092415466779214,-1.965795143300563,-11.144934363974267
151,-5.675057429342857,-6.092415466779214,-1.965795143300563,-11.144934363974267
152,-5.675057429342857,-6.092415466779214,-1.965795143300563,-11.144934363974267
153,-5.675057429342857,-6.092415466779214,-1.965795143300563,-11.144934363974267
154,-5.675057429342857,-6.092415466779214,-1.965795143300563,-11.144934363974267
155,-5.675057429342857,-6.092415466779214,-1.965795143300563,-11.144934363974267
156,-5.675057429342857,-6.092415466779214,-1.965795143300563,-11.144934363974267
157,-5.675057429342857,-6.092415466779214,-1.965795143300563,-11.144934363974267
158,-5.675057429342857,-6.092415466779214,-1.965795143300563,-11.144934363974267
159,-5.675057429342857,-6.092415466779214,-1.965795143300563,-11.144934363974267
160,-5.675057429342857,-6.092415466779214,-1.965795143300563,-11.144934363974267
161,-5.675057429342857,-6.092415466779214,-1.965795143300563,-11.144934363974267
162,-5.675057429342857,-6.092415466779214,-1.965795143300563,-11.144934363974267
163,-5.675057429342857,-6.092415466779214,-1.965795143300563,-11.144934363974267
164,-5.675057429342857,-6.092415466779214,-1.965795143300563,-11.144934363974267
165,-5.675057429342857,-6.092415466779214,-1.965795143300563,-11.144934363974267
166,-5.675057429342857,-6.092415466779214,-1.965795143300563,-11.144934363974267
167,-5.675057429342857,-6.092415466779214,-1.965795143300563,-11.144934363974267
168,-5.675057429342857,-6.092415466779214,-1.965795143300563,-11.144934363974267
169,-5.675057429342857,-6.092415466779214,-1.965795143300563,-11.144934363974267
170,-5.675057429342857,-6.092415466779214,-1.965795143300563,-11.144934363974267
171,-5.675057429342857,-6.092415466779214,-1.965795143300563,-11.144934363974267
172,-5.675057429342857,-6.092415466779214,-1.965795143300563,-11.144934363974267
173,-5.675057429342857,-6.092415466779214,-1.965795143300563,-11.144934363974267
174,-5.675057429342857,-6.092415466779214,-1.965795143300563,-11.144934363974267
175,-5.675057429342857,-6.092415466779214,-1.965795143300563,-11.144934363974267
176,-5.675057429342857,-6.092415466779214,-1.965795143300563,-11.144934363974267
177,-5.675057429342857,-6.092415466779214,-1.965795143300563,-11.144934363974267
178,-5.675057429342857,-6.092415466779214,-1.965795143300563,-11.144934363974267
179,-5.675057429342857,-6.092415466779214,-1.965795143300563,-11.144934363974267
180,-5.675057429342857,-6.092415466779214,-1.965795143300563,-11.144934363974267
181,-5.675057429342857,-6.092415466779214,-1.965795143300563,-11.144934363974267
182,-5.675057429342857,-6.092415466779214,-1.965795143300563,-11.144934363974267
183,-5.675057429342857,-6.092415466779214,-1.965795143300563,-11.144934363974267
184,-5.675057429342857,-6.092415466779214,-1.965795143300563,-11.144934363974267
185,-5.675057429342857,-6.092415466779214,-1.965795143300563,-11.144934363974267
186,-5.675057429342857,-6.092415466779214,-1.965795143300563,-11.144934363974267
187,-5.675057429342857,-6.092415466779214,-1.965795143300563,-11.144934363974267
188,-5.675057429342857,-6.092415466779214,-1.965795143300563,-11.144934363974267
189,-5.675057429342857,-6.092415466779214,-1.965795143300563,-11.144934363974267
190,-5.675057429342857,-6.092415466779214,-1.965795143300563,-11.144934363974267
191,-5.675057429342857,-6.092415466779214,-1.965795143300563,-11.144934363974267
192,-5.675057429342857,-6.092415466779214,-1.965795143300563,-11.144934363974267
193,-5.675057429342857,-6.092415466779214,-1.965795143300563,-11.144934363974267
194,-5.675057429342857,-6.092415466779214,-1.965795143300563,-11.144934363974267
195,-5.675057429342857,-6.092415466779214,-1.965795143300563,-11.144934363974267
196,-5.675057429342857,-6.092415466779214,-1.965795143300563,-11.144934363974267
197,-5.675057429342857,-6.092415466779214,-1.965795143300563,-11.144934363974267
198,-5.675057429342857,-6.092415466779214,-1.965795143300563,-11.144934363974267
199,-5.675057429342857,-6.092415466779214,-1.965795143300563,-11.144934363974267
200,-5.675057429342857,-6.092415466779214,-1.965795143300563,-11.144934363974267
201,-5.675057429342857,-6.092415466779214,-1.965795143300563,-11.144934363974267
202,-5.675057429342857,-6.092415466779214,-1.965795143300563,-11.144934363974267
203,-5.675057429342857,-6.092415466779214,-1.965795143300563,-11.144934363974267
204,-5.675057429342857,-6.092415466779214,-1.965795143300563,-11.144934363974267
205,-5.675057429342857,-6.092415466779214,-1.965795143300563,-11.144934363974267
206,-5.675057429342857,-6.092415466779214,-1.965795143300563,-11.144934363974267
207,-5.675057429342857,-6.092415466779214,-1.965795143300563,-11.144934363974267
208,-5.675057429342857,-6.092415466779214,-1.965795143300563,-11.144934363974267
209,-5.675057429342857,-6.092415466779214,-1.965795143300563,-11.144934363974267
210,-5.675057429342857,-6.092415466779214,-1.965795143300563,-11.144934363974267
211,-5.675057429342857,-6.092415466779214,-1.965795143300563,-11.144934363974267
212,-5.675057429342857,-6.092415466779214,-1.965795143300563,-11.144934363974267
213,-5.675057429342857,-6.092415466779214,-1.965795143300563,-11.144934363974267
214,-5.675057429342857,-6.092415466779214,-1.965795143300563,-11.144934363974267
215,-5.675057429342857,-6.092415466779214,-1.965795143300563,-11.144934363974267
216,-5.675057429342857,-6.092415466779214,-1.965795143300563,-11.144934363974267
217,-5.675057429342857,-6.092415466779214,-1.965795143300563,-11.144934363974267
218,-5.675057429342857,-6.092415466779214,-1.965795143300563,-11.144934363974267
219,-5.675057429342857,-6.092415466779214,-1.965795143300563,-11.144934363974267
220,-5.675057429342857,-6.092415466779214,-1.965795143300563,-11.144934363974267
221,-5.675057429342857,-6.092415466779214,-1.965795143300563,-11.144934363974267
222,-5.675057429342857,-6.092415466779214,-1.965795143300563,-11.144934363974267
223,-5.675057429342857,-6.092415466779214,-1.965795143300563,-11.144934363974267
224,-5.675057429342857,-6.092415466779214,-1.965795143300563,-11.144934363974267
225,-5.675057429342857,-6.092415466779214,-1.965795143300563,-11.144934363974267
226,-5.675057429342857,-6.092415466779214,-1.965795143300563,-11.144934363974267
227,-5.675057429342857,-6.092415466779214,-1.965795143300563,-11.144934363974267
228,-5.675057429342857,-6.092415466779214,-1.965795143300563,-11.144934363974267
229,-5.675057429342857,-6.092415466779214,-1.965795143300563,-11.144934363974267
230,-5.675057429342857,-6.092415466779214,-1.965795143300563,-11.144934363974267
231,-5.675057429342857,-6.092415466779214,-1.965795143300563,-11.144934363974267
232,-5.675057429342857,-6.092415466779214,-1.965795143300563,-11.144934363974267
233,-5.675057429342857,-6.092415466779214,-1.965795143300563,-11.144934363974267
234,-5.675057429342857,-6.092415466779214,-1.965795143300563,-11.144934363974267
235,-5.675057429342857,-6.092415466779214,-1.965795143300563,-11.144934363974267
236,-5.675057429342857,-6.092415466779214,-1.965795143300563,-11.144934363974267
237,-5.675057429342857,-6.092415466779214,-1.965795143300563,-11.144934363974267
238,-5.675057429342857,-6.092415466779214,-1.965795143300563,-11.144934363974267
239,-5.675057429342857,-6.092415466779214,-1.965795143300563,-11.144934363974267
240,-5.675057429342857,-6.092415466779214,-1.965795143300563,-11.144934363974267
241,-5.675057429342857,-6.092415466779214,-1.965795143300563,-11.144934363974267
242,-5.675057429342857,-6.092415466779214,-1.965795143300563,-11.144934363974267
243,-5.675057429342857,-6.092415466779214,-1.965795143300563,-11.144934363974267
244,-5.675057429342857,-6.092415466779214,-1.965795143300563,-11.144934363974267
245,-5.675057429342857,-6.092415466779214,-1.965795143300563,-11.144934363974267
246,-5.675057429342857,-6.092415466779214,-1.965795143300563,-11.144934363974267
247,-5.675057429342857,-6.092415466779214,-1.965795143300563,-11.144934363974267
248,-5.675057429342857,-6.092415466779214,-1.965795143300563,-11.144934363974267
249,-5.675057429342857,-6.092415466779214,-1.965795143300563,-11.144934363974267
250,-5.675057429342857,-6.092415466779214,-1.965795143300563,-11.144934363974267
251,-5.675057429342857,-6.092415466779214,-1.965795143300563,-11.144934363974267
252,-5.675057429342857,-6.092415466779214,-1.965795143300563,-11.144934363974267
253,-5.675057429342857,-6.092415466779214,-1.965795143300563,-11.144934363974267
254,-5.675057429342857,-6.092415466779214,-1.965795143300563,-11.144934363974267
255,-5.675057429342857,-6.092415466779214,-1.965795143300563,-11.144934363974267
256,-5.675057429342857,-6.092415466779214,-1.965795143300563,-11.144934363974267
257,-5.675057429342857,-6.092415466779214,-1.965795143300563,-11.144934363974267
258,-5.675057429342857,-6.092415466779214,-1.965795143300563,-11.144934363974267
259,-5.675057429342857,-6.092415466779214,-1.965795143300563,-11.144934363974267
260,-5.675057429342857,-6.092415466779214,-1.965795143300563,-11.144934363974267
261,-5.675057429342857,-6.092415466779214,-1.965795143300563,-11.144934363974267
262,-5.675057429342857,-6.092415466779214,-1.965795143300563,-11.144934363974267
263,-5.675057429342857,-6.092415466779214,-1.965795143300563,-11.144934363974267
264,-5.675057429342857,-6.092415466779214,-1.965795143300563,-11.144934363974267
265,-5.675057429342857,-6.092415466779214,-1.965795143300563,-11.144934363974267
266,-5.675057429342857,-6.092415466779214,-1.965795143300563,-11.144934363974267
267,-5.675057429342857,-6.092415466779214,-1.965795143300563,-11.144934363974267
268,-5.675057429342857,-6.092415466779214,-1.965795143300563,-11.144934363974267
269,-5.675057429342857,-6.092415466779214,-1.965795143300563,-11.144934363974267
270,-5.675057429342857,-6.092415466779214,-1.965795143300563,-11.144934363974267
271,-5.675057429342857,-6.092415466779214,-1.965795143300563,-11.144934363974267
272,-5.675057429342857,-6.092415466779214,-1.965795143300563,-11.144934363974267
273,-5.675057429342857,-6.092415466779214,-1.965795143300563,-11.144934363974267
274,-5.675057429342857,-6.092415466779214,-1.965795143300563,-11.144934363974267
275,-5.675057429342857,-6.092415466779214,-1.965795143300563,-11.144934363974267
276,-5.675057429342857,-6.092415466779214,-1.965795143300563,-11.144934363974267
277,-5.675057429342857,-6.092415466779214,-1.965795143300563,-11.144934363974267
278,-5.675057429342857,-6.092415466779214,-1.965795143300563,-11.144934363974267
279,-5.675057429342857,-6.092415466779214,-1.965795143300563,-11.144934363974267
280,-5.675057429342857,-6.092415466779214,-1.965795143300563,-11.144934363974267
281,-5.675057429342857,-6.092415466779214,-1.965795143300563,-11.144934363974267
282,-5.675057429342857,-6.092415466779214,-1.965795143300563,-11.144934363974267
283,-5.675057429342857,-6.092415466779214,-1.965795143300563,-11.144934363974267
284,-5.675057429342857,-6.092415466779214,-1.965795143300563,-11.144934363974267
285,-5.675057429342857,-6.092415466779214,-1.965795143300563,-11.144934363974267
286,-5.675057429342857,-6.092415466779214,-1.965795143300563,-11.144934363974267
287,-5.675057429342857,-6.092415466779214,-1.965795143300563,-11.144934363974267
288,-5.675057429342857,-6.092415466779214,-1.965795143300563,-11.144934363974267
289,-5.675057429342857,-6.092415466779214,-1.965795143300563,-11.144934363974267
290,-5.675057429342857,-6.092415466779214,-1.965795143300563,-11.144934363974267
291,-5.675057429342857,-6.092415466779214,-1.965795143300563,-11.144934363974267
292,-5.675057429342857,-6.092415466779214,-1.965795143300563,-11.144934363974267
293,-5.675057429342857,-6.092415466779214,-1.965795143300563,-11.144934363974267
294,-5.675057429342857,-6.092415466779214,-1.965795143300563,-11.144934363974267
295,-5.675057429342857,-6.092415466779214,-1.965795143300563,-11.144934363974267
296,-5.675057429342857,-6.092415466779214,-1.965795143300563,-11.144934363974267
297,-5.675057429342857,-6.092415466779214,-1.965795143300563,-11.144934363974267
298,-5.675057429342857,-6.092415466779214,-1.965795143300563,-11.144934363974267
299,-5.675057429342857,-6.092415466779214,-1.965795143300563,-11.144934363974267
300,-5.675057429342857,-6.092415466779214,-1.965795143300563,-11.144934363974267
301,-5.358699160994601,-5.7121824004748785,-1.7993323458842272,-10.436230535059586
302,-5.0516669900604025,-5.3447021843192575,-1.6386076570547798,-9.750656584188134
303,-4.754108521763651,-4.990164920771609,-1.48370725597165,-9.088598064381916
304,-4.466154341529796,-4.6487351460387725,-1.3347057087704322,-8.45039838306072
305,-4.18791650887884,-4.320549564533924,-1.191664933609439,-7.836354868792652
306,-3.9194870872071856,-4.005714833162179,-1.054633187940682,-7.246714902097024
307,-3.6609367291482844,-3.7043054257513965,-0.9236440918174236,-6.681672158086298
308,-3.412313337107409,-3.4163616086579234,-0.7987157013785697,-6.141363008967441
309,-3.173640819764983,-3.141887560917021,-0.6798496477137661,-5.625863137821561
310,-2.9449179666250807,-2.880849674750935,-0.5670303574212501,-5.135184418775655
311,-2.7261174638655223,-2.633175074530023,-0.4602243722040511,-4.669272122235808
312,-2.5171850757231984,-2.3987503942369672,-0.359379785733575,-4.2280025070306175
313,-2.3180390163228313,-2.177420854932974,-0.2644258166631448,-3.81118086387358
314,-2.1285695371153275,-1.9689896844630175,-0.17527253700580792,-3.4185400762093945
315,-1.9486387548049544,-1.7732179214325492,-0.09181077499687373,-3.049739764933056
316,-1.7780807436734793,-1.5898246440883739,-0.013912210929497348,-2.7043660822951456
317,-1.6167019144107737,-1.4184876618813869,0.05857031683489766,-2.381932217142448
318,-1.4642816987974174,-1.258844702928367,0.12580228053210096,-2.0818796680995657
319,-1.320573555736504,-1.1104951241074255,0.1879666941023943,-1.803580333015967
320,-1.1853063091140106,-0.9730021619619602,0.24526309835261872,-1.5463394516955233
321,-1.0581858217459215,-0.845895731889093,0.297906296593171,-1.3093994244188076
322,-0.9388970022805487,-0.7286757703129554,0.3461248429102325,-1.0919445110516688
323,-0.8271061334851355,-0.6208160999066363,0.39015929181188524,-0.8931063948043929
324,-0.7224635010716638,-0.5217687818183585,0.43026022523148666,-0.7119705714059705
325,-0.6246062924230509,-0.43096890184885384,0.46668608053026184,-0.5475834992957374
326,-0.5331617246788389,-0.3478397203620929,0.4997008108840557,-0.39896042038327595
327,-0.4477503521208892,-0.271798099278282,0.529571416872824,-0.2650937351963567
328,-0.36798949420969707,-0.20226010477703849,0.5565653947797113,-0.14496179221257366
329,-0.2934967185215549,-0.13864667233302908,0.5809481526020577,-0.037537930326434044
330,-0.22389330775657967,-0.08038921235726515,0.6029804486574364,0.05820040281338312
331,-0.1588076373784122,-0.026935030812994976,0.6229159095776546,0.14326264416147017
332,-0.09787839063196024,0.02224755973468273,0.6409986841698514,0.21863641126856803
333,-0.040757540823281424,0.06766455685028161,0.6574612869686884,0.28527928769383093
334,0.01288696319848881,0.10979211950311618,0.6725226803439281,0.34411127280088494
335,0.063368863676046,0.14907304453982162,0.6863866369596334,0.3960080518044906
336,0.11098165700598628,0.18591393904190956,0.6992404155488574,0.4417952164446146
337,0.1559970848339023,0.22068313650029825,0.7112537728360748,0.48224353610186454
338,0.19866407106510053,0.253709380436029,0.7225783235556043,0.5180653451763126
339,0.23920810865705278,0.2852812745584402,0.7333472494598519,0.5499120769576618
340,0.27783108646437404,0.31564747504972246,0.7436753475552966,0.5783729388753422
341,0.3147115338808413,0.3450175792287584,0.7536593980582036,0.6039746906711805
342,0.35000525010223804,0.3735636465897999,0.7633788241448491,0.6271824571796578
343,0.38384627591348885,0.40142227367702155,0.7728966087850448,0.6484014821911062
344,0.41634815922243373,0.428697133800386,0.7822604289690027,0.6679797100844744
345,0.44760546120506706,0.45546188629866036,0.791503964518042,0.6862110679248601
346,0.4776954478373734,0.4817633577423375,0.8006483373501048,0.7033393125320713
347,0.5066799115955357,0.5076248987748819,0.8097036374014198,0.71956230432711
348,0.534607069951524,0.533049824706358,0.8186704931696028,0.7350365719938257
349,0.5615134906620912,0.5580248549068998,0.8275416477835699,0.7498820384232082
350,0.58742599840771,0.5825234748765258,0.8363035053472041,0.7641867882150385
351,0.6123635227453343,0.6065091549846182,0.8449376167748406,0.7780117693468255
352,0.6363388532762368,0.6299383707169559,0.8534220791836973,0.7913953356635441
353,0.6593602741121911,0.6527633803506248,0.8617328279067193,0.8043575518433261
354,0.6814330559066584,0.6749347268893813,0.8698448051492272,0.8169041977995355
355,0.7025607897042738,0.6964034415110611,0.8777329940816911,0.8290304245425659
356,0.7227465524986257,0.7171229354628494,0.8853733116225405,0.8407240279107943
357,0.741993899563351,0.737050576121547,0.8927433572359563,0.8519683199608914
358,0.7603076832598838,0.7561489507092627,0.8998230186958062,0.862744589950545
359,0.777694702082513,0.7743868278667049,0.9065949389179867,0.873034157601533
360,0.7941641871584494,0.7917398329233623,0.9130448506284422,0.8828200306166566
361,0.8097281362775455,0.8081908572838451,0.9191617878167836,0.8920881862140277
362,0.824401507798063,0.8237302259120288,0.9249381846405372,0.900828502753171
363,0.8382022884871159,0.8383556494944768,0.930369873715303,0.9090353724086533
364,0.8511514505405424,0.8520719895673369,0.9354559965797488,0.916708029371941
365,0.8632728137258001,0.8648908657689433,0.9401988395935059,0.9238506303222601
366,0.8745928288457081,0.8768301345107379,0.9446036086453853,0.9304721250067924
367,0.8851402985758238,0.8879132678220194,0.9486781558554893,0.9365859548234016
368,0.894946051231247,0.8981686600018907,0.9524326709856531,0.9422096164259763
369,0.9040425822183216,0.9076288880886811,0.9558793495670344,0.947364125698886
370,0.9124636768725585,0.9163299501182077,0.9590320488510206,0.9520734151014286
371,0.9202440271259734,0.924310502773078,0.9619059416295752,0.9563636944952111
372,0.9274188530344891,0.931611117410901,0.9645171767931395,0.9602628022661934
373,0.934023538677786,0.9382735706833271,0.9668825542369455,0.9637995699651472
374,0.9400932903669407,0.944340183100952,0.9690192204274288,0.9670032199372304
375,0.9456628235038711,0.949853216037736,0.970944389634735,0.9699028116081294
376,0.9507660828721075,0.9548543348733388,0.9726750945577655,0.972526748346461
377,0.9554359996377346,0.9593841433061,0.974227968844223,0.9749023532245376
378,0.9597042869346301,0.9634817913882615,0.9756190628651611,0.9770555186339518
379,0.963601274626096,0.9671846575838806,0.9768636930628074,0.9790104316463563
380,0.9671557826965581,0.970528103163925,0.977976324268388,0.9807893742958029
381,0.9703950317471237,0.9735452955569167,0.9789704835950341,0.9824125956341421
382,0.9733445882564028,0.9762670958812778,0.9798587038564653,0.9838982504969761
383,0.976028341626285,0.9787220048011772,0.980652493947281,0.9852623984216671
384,0.9784685095591974,0.9809361600657148,0.9813623332433269,0.9865190550744714
385,0.9806856680018065,0.9829333785978922,0.9819976868348679,0.987680287852669
386,0.9826988017291575,0.9847352357740311,0.9825670382820689,0.9887563470009795
387,0.9845253716185449,0.9863611745494545,0.9830779365697859,0.9897558235829136
388,0.9861813947571595,0.9878286373113876,0.9835370540231485,0.9906858259342013
389,0.9876815337232733,0.9891532137414613,0.9839502521118,0.9915521667503436
390,0.9890391916580512,0.9903487985128235,0.9843226523032016,0.992359553674963
391,0.9902666100845191,0.991427753295555,0.9846587094082733,0.9931117771112454
392,0.991374966812811,0.992401068264805,0.9849622851804405,0.9938118899281478
393,0.9923744716786674,0.9932785190668679,0.9852367202673844,0.9944623747319838
394,0.9932744582789206,0.9940688159702324,0.9854849029602049,0.9950652953823019
395,0.9940834702789125,0.9947797426858446,0.9857093335255782,0.9956224304134251
396,0.9948093412600973,0.9954182830616899,0.9859121832328256,0.9961353869498362
397,0.995459267441393,0.995990734523653,0.9860953474914111,0.9966056945508166
398,0.9960398729373754,0.9965028077339227,0.9862604927889389,0.9970348791692678
399,0.9965572675045875,0.9969597124604886,0.9864090973606823,0.9974245180490446
400,0.997017096970683,0.9973662300908361,0.9865424857262769,0.9977762769074393
401,0.9974245867383815,0.9977267735776217,0.9866618573962168,0.9980919311526039
402,0.9977845789076044,0.9980454358748327,0.9867683101804207,0.9983733731719985
403,0.9981015636665017,0.9983260281133008,0.9868628586247948,0.998622607903463
404,0.9983797056684464,0.9985721088802253,0.9869464481618256,0.998841738974282
405,0.9986228661414785,0.9987870060160529,0.9870199655910014,0.999032947677072
406,0.9988346214738781,0.9989738323323494,0.9870842465080416,0.9991984669574869
407,0.9990182789896923,0.9991354965956236,0.9871400802826575,0.9993405524316163
408,0.9991768905765189,0.9992747110242102,0.9871882131471519,0.9994614522448875
409,0.9993132647600041,0.9993939964179922,0.9872293499069101,0.999563377343427
410,0.9994299777405055,0.9994956858932881,0.9872641547228642,0.9996484734666596
411,0.9995293838219929,0.9995819280362962,0.9872932513491869,0.9997187958988276
412,0.9996136255758173,0.9996546901258904,0.9873172231402971,0.9997762877481482
413,0.9996846439962228,0.9997157619170401,0.9873366130727382,0.9998227622649369
414,0.9997441888235074,0.9997667603253233,0.9873519239622002,0.9998598894719499
415,0.9997938291370363,0.9998091352153549,0.987363618995887,0.9998891871674086
416,0.9998349642556653,0.9998441763747504,0.9873721226471145,0.9999120161778771
417,0.9998688349287335,0.9998730216526349,0.987377821993452,0.9999295795869115
418,0.9998965347572355,0.9998966661587868,0.9873810684224432,0.9999429255471967
419,0.9999190217521564,0.999915972356464,0.9873821796800893,0.999952953198351
420,0.9999371299148739,0.9999316808381296,0.9873814421966143,0.9999604211581979
421,0.999951580712276,0.9999444215473975,0.9873791136110323,0.999965958029551
422,0.9999629943157595,0.9999547252007199,0.9873754254099408,0.9999700743642519
423,0.9999719004773578,0.9999630346664438,0.9873705855958443,0.9999731755475839
424,0.9999787489265113,0.9999697160744628,0.9873647813051369,0.9999755751052521
425,0.9999839191860552,0.9999750694542526,0.9873581813045662,0.9999775079877435
426,0.999987729724441,0.9999793387300926,0.9873509383064836,0.9999791434490183
427,0.9999904463816995,0.99998272093737,0.987343191056439,0.9999805972042876
428,0.9999922900279862,0.9999853745608163,0.9873350661607524,0.9999819426216282
429,0.9999934434346361,0.9999874269324168,0.9873266796357627,0.9999832207712815
430,0.9999940573575916,0.9999889806619064,0.9873181381738163,0.9999844492221068
431,0.9999942558511357,0.9999901191049099,0.9873095401331423,0.9999856295347369
432,0.9999941408455225,0.9999909109018976,0.9873009762691618,0.9999867534539671
433,0.9999937960349836,0.9999914136445502,0.9872925302332097,0.9999878078477707
434,0.9999932901325316,0.9999916767444827,0.9872842788709619,0.9999887784765129
435,0.9999926795549289,0.9999917435924884,0.9872762923570375,0.9999896527033177
436,0.9999920106052623,0.999991653104656,0.9872686342043538,0.9999904212753657
437,0.9999913212219474,0.9999914407552462,0.9872613611870125,0.999991079316733
438,0.999990642361998,0.999991139195575,0.9872545232140176,0.9999916266770273
439,0.9999899990833736,0.9999907785539419,0.9872481631882352,0.9999920677774936
440,0.9999894113865581,0.9999903865045382,0.9872423168810026,0.9999924110885493
441,0.9999888948696318,0.9999899881839807,0.9872370128479958,0.9999926683609842
442,0.9999884612443749,0.9999896060233135,0.9872322724066561,0.9999928537184392
443,0.9999881187537556,0.999989259551694,0.987228109689969,0.9999929827023496
444,0.9999878725238703,0.9999889652160974,0.9872245317859205,0.999993071343253
445,0.9999877248762927,0.9999887362497959,0.9872215389667613,0.9999931353151057
446,0.9999876756201173,0.9999885826114899,0.9872191250074648,0.9999931892127361
447,0.9999877223369439,0.9999885110071719,0.9872172775886193,0.9999932459773706
448,0.9999878606667681,0.9999885249982984,0.9872159787755291,0.9999933164817323
449,0.9999880845983171,0.9999886251928101,0.9872152055625839,0.9999934092748111
450,0.9999883867638307,0.9999888095100261,0.9872149304699981,0.999993530477203
451,0.999988758735633,0.9999890735064405,0.9872151221788041,0.9999936838109251
452,0.9999891913200105,0.9999894107468973,0.9872157461894642,0.999993870742781
453,0.9999896748428626,0.9999898132043818,0.9872167654895702,0.9999940907175078
454,0.9999901994211924,0.9999902716715763,0.9872181412167494,0.9999943414558644
455,0.9999907552146825,0.9999907761682031,0.9872198333039859,0.999994619293263
456,0.9999913326522084,0.9999913163298076,0.9872218010960001,0.9999949195361998
457,0.9999919226290807,0.9999918817658092,0.9872240039270125,0.9999952368163263
458,0.9999925166719604,0.9999924623771803,0.9872264016520348,0.9999955654252122
459,0.9999931070696487,0.9999930486268123,0.9872289551257137,0.9999958996164235
460,0.999993686969226,0.9999936317583252,0.9872316266246084,0.9999962338652303
461,0.9999942504382353,0.9999942039616556,0.987234380210548,0.9999965630798543
462,0.9999947924946931,0.9999947584860785,0.9872371820343402,0.9999968827615069
463,0.9999953091076372,0.9999952897033407,0.9872400005805441,0.999997189113417
464,0.999995797171652,0.9999957931252057,0.9872428068552527,0.9999974791015248
465,0.9999962544593288,0.9999962653809594,0.9872455745198452,0.9999977504714715
466,0.9999966795559253,0.9999967041612521,0.9872482799744526,0.9999980017279224
467,0.9999970717805912,0.9999971081351042,0.9872509023954517,0.9999982320831575
468,0.99999743109845,0.9999974768470005,0.987253423731669,0.9999984413822591
469,0.9999977580275873,0.9999978106007856,0.987255828664159,0.9999986300122055
470,0.9999980535446299,0.9999981103366105,0.9872581045344447,0.9999987988017898
471,0.9999983189921396,0.9999983775065143,0.9872602412460071,0.9999989489186197
472,0.9999985559905188,0.9999986139534321,0.9872622311435932,0.9999990817685745
473,0.9999987663565638,0.9999988217975294,0.987264068874632,0.9999991989021009
474,0.9999989520302428,0.9999990033328552,0.9872657512367012,0.9999993019306653
475,0.9999991150107274,0.9999991609364056,0.9872672770146251,0.999999392455632
476,0.9999992573022056,0.9999992969908426,0.9872686468103984,0.9999994720108365
477,0.9999993808695563,0.9999994138213488,0.987269862868762,0.9999995420192297
478,0.9999994876035855,0.9999995136464419,0.9872709289008961,0.9999996037631983
479,0.9999995792952167,0.9999995985420224,0.9872718499083712,0.9999996583675455
480,0.9999996576177945,0.999999670417517,0.9872726320091924,0.9999997067936486
481,0.9999997241165051,0.9999997310026745,0.9872732822675158,0.999999749842997
482,0.9999997802038215,0.9999997818433889,0.9872738085283814,0.9999997881681442
483,0.9999998271598595,0.9999998243048519,0.9872742192586107,0.9999998222890694
484,0.999999866136546,0.9999998595803419,0.9872745233948474,0.9999998526130157
485,0.9999998981645771,0.9999998887040464,0.9872747301995772,0.9999998794560324
486,0.999999924162232,0.9999999125664621,0.9872748491258349,0.999999903064674
487,0.9999999449452395,0.9999999319310965,0.987274889691199,0.9999999236365826
488,0.9999999612370202,0.9999999474514084,0.9872748613615727,0.9999999413389664
489,0.9999999736787708,0.9999999596871438,0.9872747734451544,0.9999999563242871
490,0.9999999828389889,0.99999996911944,0.9872746349969119,0.9999999687427468
491,0.9999999892221645,0.9999999761642756,0.9872744547337803,0.9999999787514241
492,0.9999999932764757,0.9999999811840302,0.9872742409607098,0.999999986520127
493,0.9999999954004254,0.9999999844970724,0.9872740015075983,0.999999992234209
494,0.9999999959484303,0.9999999863854259,0.9872737436770381,0.9999999960947333
495,0.9999999952354351,0.9999999871006635,0.9872734742027173,0.999999998316456
496,0.9999999935406698,0.9999999868682444,0.987273199218206,0.9999999991241507
497,0.9999999911106846,0.999999985890554,0.9872729242357704,0.999999998747808
498,0.999999988161819,0.9999999843489252,0.9872726541347558,0.9999999974172205
499,0.9999999848822505,0.9999999824049104,0.9872723931589975,0.9999999953564207
500,0.9999999814337616,0.9999999802010623,0.9872721449226339,0.9999999927783705
501,0.9999999779533464,0.9999999778614446,0.9872719124236302,0.9999999898802239
502,0.9999999745547532,0.9999999754920554,0.9872716980642565,0.9999999868394038
503,0.9999999713300358,0.9999999731813085,0.9872715036777241,0.9999999838106461
504,0.999999968351163,0.9999999710006671,0.9872713305601435,0.9999999809240873
505,0.9999999656717102,0.9999999690054909,0.9872711795069556,0.999999978284399
506,0.9999999633286384,0.9999999672361171,0.9872710508529765,0.9999999759709147
507,0.9999999613441475,0.9999999657191659,0.9872709445152076,0.9999999740386427
508,0.9999999597275798,0.99999996446904,0.9872708600375855,0.9999999725200269
509,0.9999999584773384,0.9999999634895661,0.987270796636874,0.9999999714272948
510,0.9999999575827827,0.9999999627757218,0.9872707532489506,0.9999999707552216
511,0.9999999570260619,0.999999962315383,0.9872707285747876,0.9999999704841412
512,0.9999999567838466,0.9999999620910316,0.9872707211254907,0.9999999705830451
513,0.9999999568289277,0.999999962081366,0.9872707292658245,0.9999999710126273
514,0.999999957131655,0.9999999622627694,0.9872707512557208,0.999999971728155
515,0.9999999576611956,0.9999999626105988,0.9872707852893438,0.9999999726820725
516,0.9999999583866013,0.999999963100271,0.9872708295313534,0.9999999738262686
517,0.9999999592776817,0.9999999637081347,0.9872708821500875,0.999999975113967
518,0.9999999603056863,0.9999999644121272,0.9872709413474492,0.9999999765012219
519,0.9999999614438054,0.9999999651922252,0.9872710053853573,0.999999977948022
520,0.9999999626675073,0.999999966030708,0.9872710726086812,0.9999999794190249
521,0.9999999639547272,0.9999999669122566,0.9872711414646427,0.9999999808839569
522,0.9999999652859333,0.9999999678239155,0.987271210518718,0.9999999823177236
523,0.9999999666440914,0.9999999687549498,0.9872712784671299,0.9999999837002813
524,0.9999999680145512,0.999999969696623,0.9872713441460544,0.9999999850163247
525,0.9999999693848753,0.9999999706419286,0.9872714065377113,0.9999999862548397
526,0.999999970744634,0.9999999715852986,0.9872714647735347,0.9999999874085734
527,0.9999999720851791,0.9999999725223115,0.9872715181346485,0.9999999884734638
528,0.9999999733994157,0.9999999734494175,0.9872715660498893,0.9999999894480648
529,0.9999999746815809,0.9999999743636938,0.9872716080916341,0.999999990332998
530,0.999999975927039,0.9999999752626404,0.9872716439697032,0.9999999911304522
531,0.9999999771321001,0.9999999761440181,0.9872716735236077,0.9999999918437451
532,0.999999978293862,0.9999999770057331,0.9872716967134161,0.9999999924769548
533,0.9999999794100805,0.9999999778457621,0.9872717136095086,0.9999999930346252
534,0.9999999804790634,0.9999999786621173,0.9872717243814814,0.9999999935215389
535,0.9999999814995892,0.9999999794528422,0.9872717292864521,0.9999999939425557
536,0.9999999824708441,0.9999999802160322,0.9872717286570054,0.9999999943025046
537,0.9999999833923761,0.9999999809498722,0.9872717228890016,0.9999999946061207
538,0.9999999842640616,0.9999999816526843,0.9872717124294537,0.9999999948580153
539,0.9999999850860795,0.9999999823229793,0.9872716977646605,0.9999999950626713
540,0.9999999858588919,0.9999999829595037,0.987271679408761,0.9999999952244508
541,0.9999999865832259,0.9999999835612817,0.9872716578928569,0.9999999953476103
542,0.9999999872600558,0.9999999841276463,0.9872716337548273,0.9999999954363142
543,0.9999999878905845,0.9999999846582578,0.9872716075299381,0.9999999954946454
544,0.9999999884762216,0.9999999851531094,0.9872715797423282,0.9999999955266062
545,0.9999999890185589,0.9999999856125205,0.987271550897432,0.9999999955361114
546,0.9999999895193435,0.9999999860371179,0.9872715214753817,0.999999995526971
547,0.9999999899804485,0.999999986427808,0.9872714919254063,0.9999999955028663
548,0.9999999904038426,0.9999999867857399,0.9872714626612373,0.9999999954673189
549,0.9999999907915589,0.999999987112265,0.9872714340575021,0.9999999954236556
550,0.9999999911456643,0.9999999874088926,0.9872714064470822,0.9999999953749736
551,0.9999999914682314,0.9999999876772461,0.9872713801193932,0.9999999953241061
552,0.999999991761311,0.9999999879190196,0.9872713553195338,0.999999995273591
553,0.9999999920269098,0.9999999881359393,0.9872713322482434,0.999999995225647
554,0.9999999922669703,0.9999999883297288,0.9872713110625959,0.999999995182156
555,0.9999999924833551,0.9999999885020796,0.9872712918773553,0.9999999951446531
556,0.9999999926778356,0.9999999886546279,0.9872712747669109,0.9999999951143266
557,0.999999992852084,0.9999999887889381,0.9872712597677098,0.9999999950920248
558,0.9999999930076694,0.9999999889064907,0.9872712468811018,0.9999999950782722
559,0.9999999931460574,0.9999999890086765,0.9872712360765117,0.9999999950732916
560,0.9999999932686117,0.9999999890967949,0.9872712272948585,0.9999999950770326
561,0.9999999933765983,0.9999999891720557,0.9872712204521403,0.9999999950892045
562,0.9999999934711923,0.9999999892355839,0.9872712154431107,0.9999999951093113
563,0.9999999935534837,0.9999999892884263,0.9872712121449766,0.9999999951366899
564,0.9999999936244858,0.9999999893315589,0.9872712104210515,0.9999999951705472
565,0.9999999936851427,0.9999999893658948,0.9872712101243084,0.9999999952099964
566,0.9999999937363365,0.999999989392292,0.9872712111007792,0.9999999952540918
567,0.9999999937788943,0.9999999894115592,0.9872712131927565,0.9999999953018601
568,0.9999999938135941,0.9999999894244629,0.9872712162417626,0.9999999953523289
569,0.99999999384117,0.9999999894317303,0.987271220091254,0.9999999954045505
570,0.9999999938623165,0.9999999894340529,0.9872712245890393,0.9999999954576231
571,0.9999999938776916,0.9999999894320885,0.9872712295893961,0.9999999955107057
572,0.9999999938879189,0.9999999894264614,0.9872712349548763,0.9999999955630324
573,0.9999999938935898,0.9999999894177622,0.9872712405577981,0.9999999956139194
574,0.9999999938952638,0.999999989406547,0.9872712462814257,0.9999999956627716
575,0.9999999938934696,0.9999999893933353,0.9872712520208476,0.9999999957090853
576,0.9999999938887048,0.9999999893786095,0.9872712576835629,0.9999999957524478
577,0.9999999938814359,0.9999999893628121,0.987271263189794,0.9999999957925364
578,0.9999999938720986,0.9999999893463453,0.9872712684725444,0.9999999958291143
579,0.9999999938610974,0.9999999893295699,0.9872712734774256,0.999999995862026
580,0.9999999938488054,0.9999999893128045,0.9872712781622749,0.9999999958911927
581,0.9999999938355657,0.9999999892963264,0.9872712824965933,0.9999999959166044
582,0.9999999938216901,0.9999999892803717,0.9872712864608278,0.9999999959383142
583,0.9999999938074615,0.9999999892651373,0.9872712900455265,0.9999999959564316
584,0.9999999937931338,0.9999999892507824,0.9872712932503936,0.9999999959711144
585,0.9999999937789331,0.9999999892374314,0.9872712960832708,0.999999995982563
586,0.9999999937650598,0.9999999892251763,0.9872712985590685,0.9999999959910119
587,0.9999999937516889,0.99999998921408,0.9872713006986746,0.9999999959967244
588,0.9999999937389725,0.9999999892041794,0.9872713025278592,0.9999999959999855
589,0.999999993727041,0.9999999891954893,0.9872713040761982,0.999999996001095
590,0.9999999937160043,0.9999999891880048,0.9872713053760324,0.9999999960003626
591,0.9999999937059546,0.9999999891817055,0.9872713064614793,0.9999999959981012
592,0.9999999936969668,0.9999999891765581,0.9872713073675097,0.9999999959946223
593,0.9999999936891005,0.9999999891725191,0.9872713081291017,0.9999999959902309
594,0.9999999936824016,0.9999999891695378,0.9872713087804792,0.9999999959852208
595,0.9999999936769033,0.9999999891675585,0.9872713093544427,0.9999999959798709
596,0.9999999936726277,0.9999999891665224,0.9872713098817961,0.9999999959744417
597,0.9999999936695866,0.9999999891663696,0.98727131039087,0.999999995969172
598,0.9999999936677828,0.99999998916704,0.9872713109071446,0.9999999959642772
599,0.9999999936672113,0.9999999891684753,0.9872713114529663,0.9999999959599469
600,0.9999999936678594,0.9999999891706194,0.9872713120473587,0.9999999959563441
601,0.9999999936678594,0.9999999891706194,0.9872713120473587,0.9999999959563441
602,0.9999999936678594,0.9999999891706194,0.9872713120473587,0.9999999959563441
603,0.9999999936678594,0.9999999891706194,0.9872713120473587,0.9999999959563441
604,0.9999999936678594,0.9999999891706194,0.9872713120473587,0.9999999959563441
605,0.9999999936678594,0.9999999891706194,0.9872713120473587,0.9999999959563441
606,0.9999999936678594,0.9999999891706194,0.9872713120473587,0.9999999959563441
607,0.9999999936678594,0.9999999891706194,0.9872713120473587,0.9999999959563441
608,0.9999999936678594,0.9999999891706194,0.9872713120473587,0.9999999959563441
609,0.9999999936678594,0.9999999891706194,0.9872713120473587,0.9999999959563441
610,0.9999999936678594,0.9999999891706194,0.9872713120473587,0.9999999959563441
611,0.9999999936678594,0.9999999891706194,0.9872713120473587,0.9999999959563441
612,0.9999999936678594,0.9999999891706194,0.9872713120473587,0.9999999959563441
613,0.9999999936678594,0.9999999891706194,0.9872713120473587,0.9999999959563441
614,0.9999999936678594,0.9999999891706194,0.9872713120473587,0.9999999959563441
615,0.9999999936678594,0.9999999891706194,0.9872713120473587,0.9999999959563441
616,0.9999999936678594,0.9999999891706194,0.9872713120473587,0.9999999959563441
617,0.9999999936678594,0.9999999891706194,0.9872713120473587,0.9999999959563441
618,0.9999999936678594,0.9999999891706194,0.9872713120473587,0.9999999959563441
619,0.9999999936678594,0.9999999891706194,0.9872713120473587,0.9999999959563441
620,0.9999999936678594,0.9999999891706194,0.9872713120473587,0.9999999959563441
621,0.9999999936678594,0.9999999891706194,0.9872713120473587,0.9999999959563441
622,0.9999999936678594,0.9999999891706194,0.9872713120473587,0.9999999959563441
623,0.9999999936678594,0.9999999891706194,0.9872713120473587,0.9999999959563441
624,0.9999999936678594,0.9999999891706194,0.9872713120473587,0.9999999959563441
625,0.9999999936678594,0.9999999891706194,0.9872713120473587,0.9999999959563441
626,0.9999999936678594,0.9999999891706194,0.9872713120473587,0.9999999959563441
627,0.9999999936678594,0.9999999891706194,0.9872713120473587,0.9999999959563441
628,0.9999999936678594,0.9999999891706194,0.9872713120473587,0.9999999959563441
629,0.9999999936678594,0.9999999891706194,0.9872713120473587,0.9999999959563441
630,0.9999999936678594,0.9999999891706194,0.9872713120473587,0.9999999959563441
631,0.9999999936678594,0.9999999891706194,0.9872713120473587,0.9999999959563441
632,0.9999999936678594,0.9999999891706194,0.9872713120473587,0.9999999959563441
633,0.9999999936678594,0.9999999891706194,0.9872713120473587,0.9999999959563441
634,0.9999999936678594,0.9999999891706194,0.9872713120473587,0.9999999959563441
635,0.9999999936678594,0.9999999891706194,0.9872713120473587,0.9999999959563441
636,0.9999999936678594,0.9999999891706194,0.9872713120473587,0.9999999959563441
637,0.9999999936678594,0.9999999891706194,0.9872713120473587,0.9999999959563441
638,0.9999999936678594,0.9999999891706194,0.9872713120473587,0.9999999959563441
639,0.9999999936678594,0.9999999891706194,0.9872713120473587,0.9999999959563441
640,0.9999999936678594,0.9999999891706194,0.9872713120473587,0.9999999959563441
641,0.9999999936678594,0.9999999891706194,0.9872713120473587,0.9999999959563441
642,0.9999999936678594,0.9999999891706194,0.9872713120473587,0.9999999959563441
643,0.9999999936678594,0.9999999891706194,0.9872713120473587,0.9999999959563441
644,0.9999999936678594,0.9999999891706194,0.9872713120473587,0.9999999959563441
645,0.9999999936678594,0.9999999891706194,0.9872713120473587,0.9999999959563441
646,0.9999999936678594,0.9999999891706194,0.9872713120473587,0.9999999959563441
647,0.9999999936678594,0.9999999891706194,0.9872713120473587,0.9999999959563441
648,0.9999999936678594,0.9999999891706194,0.9872713120473587,0.9999999959563441
649,0.9999999936678594,0.9999999891706194,0.9872713120473587,0.9999999959563441
650,0.9999999936678594,0.9999999891706194,0.9872713120473587,0.9999999959563441
651,0.9999999936678594,0.9999999891706194,0.9872713120473587,0.9999999959563441
652,0.9999999936678594,0.9999999891706194,0.9872713120473587,0.9999999959563441
653,0.9999999936678594,0.9999999891706194,0.9872713120473587,0.9999999959563441
654,0.9999999936678594,0.9999999891706194,0.9872713120473587,0.9999999959563441
655,0.9999999936678594,0.9999999891706194,0.9872713120473587,0.9999999959563441
656,0.9999999936678594,0.9999999891706194,0.9872713120473587,0.9999999959563441
657,0.9999999936678594,0.9999999891706194,0.9872713120473587,0.9999999959563441
658,0.9999999936678594,0.9999999891706194,0.9872713120473587,0.9999999959563441
659,0.9999999936678594,0.9999999891706194,0.9872713120473587,0.9999999959563441
660,0.9999999936678594,0.9999999891706194,0.9872713120473587,0.9999999959563441
661,0.9999999936678594,0.9999999891706194,0.9872713120473587,0.9999999959563441
662,0.9999999936678594,0.9999999891706194,0.9872713120473587,0.9999999959563441
663,0.9999999936678594,0.9999999891706194,0.9872713120473587,0.9999999959563441
664,0.9999999936678594,0.9999999891706194,0.9872713120473587,0.9999999959563441
665,0.9999999936678594,0.9999999891706194,0.9872713120473587,0.9999999959563441
666,0.9999999936678594,0.9999999891706194,0.9872713120473587,0.9999999959563441
667,0.9999999936678594,0.9999999891706194,0.9872713120473587,0.9999999959563441
668,0.9999999936678594,0.9999999891706194,0.9872713120473587,0.9999999959563441
669,0.9999999936678594,0.9999999891706194,0.9872713120473587,0.9999999959563441
670,0.9999999936678594,0.9999999891706194,0.9872713120473587,0.9999999959563441
671,0.9999999936678594,0.9999999891706194,0.9872713120473587,0.9999999959563441
672,0.9999999936678594,0.9999999891706194,0.9872713120473587,0.9999999959563441
673,0.9999999936678594,0.9999999891706194,0.9872713120473587,0.9999999959563441
674,0.9999999936678594,0.9999999891706194,0.9872713120473587,0.9999999959563441
675,0.9999999936678594,0.9999999891706194,0.9872713120473587,0.9999999959563441
676,0.9999999936678594,0.9999999891706194,0.9872713120473587,0.9999999959563441
677,0.9999999936678594,0.9999999891706194,0.9872713120473587,0.9999999959563441
678,0.9999999936678594,0.9999999891706194,0.9872713120473587,0.9999999959563441
679,0.9999999936678594,0.9999999891706194,0.9872713120473587,0.9999999959563441
680,0.9999999936678594,0.9999999891706194,0.9872713120473587,0.9999999959563441
681,0.9999999936678594,0.9999999891706194,0.9872713120473587,0.9999999959563441
682,0.9999999936678594,0.9999999891706194,0.9872713120473587,0.9999999959563441
683,0.9999999936678594,0.9999999891706194,0.9872713120473587,0.9999999959563441
684,0.9999999936678594,0.9999999891706194,0.9872713120473587,0.9999999959563441
685,0.9999999936678594,0.9999999891706194,0.9872713120473587,0.9999999959563441
686,0.9999999936678594,0.9999999891706194,0.9872713120473587,0.9999999959563441
687,0.9999999936678594,0.9999999891706194,0.9872713120473587,0.9999999959563441
688,0.9999999936678594,0.9999999891706194,0.9872713120473587,0.9999999959563441
689,0.9999999936678594,0.9999999891706194,0.9872713120473587,0.9999999959563441
690,0.9999999936678594,0.9999999891706194,0.9872713120473587,0.9999999959563441
691,0.9999999936678594,0.9999999891706194,0.9872713120473587,0.9999999959563441
692,0.9999999936678594,0.9999999891706194,0.9872713120473587,0.9999999959563441
693,0.9999999936678594,0.9999999891706194,0.9872713120473587,0.9999999959563441
694,0.9999999936678594,0.9999999891706194,0.9872713120473587,0.9999999959563441
695,0.9999999936678594,0.9999999891706194,0.9872713120473587,0.9999999959563441
696,0.9999999936678594,0.9999999891706194,0.9872713120473587,0.9999999959563441
697,0.9999999936678594,0.9999999891706194,0.9872713120473587,0.9999999959563441
698,0.9999999936678594,0.9999999891706194,0.9872713120473587,0.9999999959563441
699,0.9999999936678594,0.9999999891706194,0.9872713120473587,0.9999999959563441
700,0.9999999936678594,0.9999999891706194,0.9872713120473587,0.9999999959563441
701,0.9999999936678594,0.9999999891706194,0.9872713120473587,0.9999999959563441
702,0.9999999936678594,0.9999999891706194,0.9872713120473587,0.9999999959563441
703,0.9999999936678594,0.9999999891706194,0.9872713120473587,0.9999999959563441
704,0.9999999936678594,0.9999999891706194,0.9872713120473587,0.9999999959563441
705,0.9999999936678594,0.9999999891706194,0.9872713120473587,0.9999999959563441
706,0.9999999936678594,0.9999999891706194,0.9872713120473587,0.9999999959563441
707,0.9999999936678594,0.9999999891706194,0.9872713120473587,0.9999999959563441
708,0.9999999936678594,0.9999999891706194,0.9872713120473587,0.9999999959563441
709,0.9999999936678594,0.9999999891706194,0.9872713120473587,0.9999999959563441
710,0.9999999936678594,0.9999999891706194,0.9872713120473587,0.9999999959563441
711,0.9999999936678594,0.9999999891706194,0.9872713120473587,0.9999999959563441
712,0.9999999936678594,0.9999999891706194,0.9872713120473587,0.9999999959563441
713,0.9999999936678594,0.9999999891706194,0.9872713120473587,0.9999999959563441
714,0.9999999936678594,0.9999999891706194,0.9872713120473587,0.9999999959563441
715,0.9999999936678594,0.9999999891706194,0.9872713120473587,0.9999999959563441
716,0.9999999936678594,0.9999999891706194,0.9872713120473587,0.9999999959563441
717,0.9999999936678594,0.9999999891706194,0.9872713120473587,0.9999999959563441
718,0.9999999936678594,0.9999999891706194,0.9872713120473587,0.9999999959563441
719,0.9999999936678594,0.9999999891706194,0.9872713120473587,0.9999999959563441
720,0.9999999936678594,0.9999999891706194,0.9872713120473587,0.9999999959563441
721,0.9999999936678594,0.9999999891706194,0.9872713120473587,0.9999999959563441
722,0.9999999936678594,0.9999999891706194,0.9872713120473587,0.9999999959563441
723,0.9999999936678594,0.9999999891706194,0.9872713120473587,0.9999999959563441
724,0.9999999936678594,0.9999999891706194,0.9872713120473587,0.9999999959563441
725,0.9999999936678594,0.9999999891706194,0.9872713120473587,0.9999999959563441
726,0.9999999936678594,0.9999999891706194,0.9872713120473587,0.9999999959563441
727,0.9999999936678594,0.9999999891706194,0.9872713120473587,0.9999999959563441
728,0.9999999936678594,0.9999999891706194,0.9872713120473587,0.9999999959563441
729,0.9999999936678594,0.9999999891706194,0.9872713120473587,0.9999999959563441
730,0.9999999936678594,0.9999999891706194,0.9872713120473587,0.9999999959563441
731,0.9999999936678594,0.9999999891706194,0.9872713120473587,0.9999999959563441
732,0.9999999936678594,0.9999999891706194,0.9872713120473587,0.9999999959563441
733,0.9999999936678594,0.9999999891706194,0.9872713120473587,0.9999999959563441
734,0.9999999936678594,0.9999999891706194,0.9872713120473587,0.9999999959563441
735,0.9999999936678594,0.9999999891706194,0.9872713120473587,0.9999999959563441
736,0.9999999936678594,0.9999999891706194,0.9872713120473587,0.9999999959563441
737,0.9999999936678594,0.9999999891706194,0.9872713120473587,0.9999999959563441
738,0.9999999936678594,0.9999999891706194,0.9872713120473587,0.9999999959563441
739,0.9999999936678594,0.9999999891706194,0.9872713120473587,0.9999999959563441
740,0.9999999936678594,0.9999999891706194,0.9872713120473587,0.9999999959563441
741,0.9999999936678594,0.9999999891706194,0.9872713120473587,0.9999999959563441
742,0.9999999936678594,0.9999999891706194,0.9872713120473587,0.9999999959563441
743,0.9999999936678594,0.9999999891706194,0.9872713120473587,0.9999999959563441
744,0.9999999936678594,0.9999999891706194,0.9872713120473587,0.9999999959563441
745,0.9999999936678594,0.9999999891706194,0.9872713120473587,0.9999999959563441
746,0.9999999936678594,0.9999999891706194,0.9872713120473587,0.9999999959563441
747,0.9999999936678594,0.9999999891706194,0.9872713120473587,0.9999999959563441
748,0.9999999936678594,0.9999999891706194,0.9872713120473587,0.9999999959563441
749,0.9999999936678594,0.9999999891706194,0.9872713120473587,0.9999999959563441
750,0.9999999936678594,0.9999999891706194,0.9872713120473587,0.9999999959563441
751,0.9999999936678594,0.9999999891706194,0.9872713120473587,0.9999999959563441
752,0.9999999936678594,0.9999999891706194,0.9872713120473587,0.9999999959563441
753,0.9999999936678594,0.9999999891706194,0.9872713120473587,0.9999999959563441
754,0.9999999936678594,0.9999999891706194,0.9872713120473587,0.9999999959563441
755,0.9999999936678594,0.9999999891706194,0.9872713120473587,0.9999999959563441
756,0.9999999936678594,0.9999999891706194,0.9872713120473587,0.9999999959563441
757,0.9999999936678594,0.9999999891706194,0.9872713120473587,0.9999999959563441
758,0.9999999936678594,0.9999999891706194,0.9872713120473587,0.9999999959563441
759,0.9999999936678594,0.9999999891706194,0.9872713120473587,0.9999999959563441
760,0.9999999936678594,0.9999999891706194,0.9872713120473587,0.9999999959563441
761,0.9999999936678594,0.9999999891706194,0.9872713120473587,0.9999999959563441
762,0.9999999936678594,0.9999999891706194,0.9872713120473587,0.9999999959563441
763,0.9999999936678594,0.9999999891706194,0.9872713120473587,0.9999999959563441
764,0.9999999936678594,0.9999999891706194,0.9872713120473587,0.9999999959563441
765,0.9999999936678594,0.9999999891706194,0.9872713120473587,0.9999999959563441
766,0.9999999936678594,0.9999999891706194,0.9872713120473587,0.9999999959563441
767,0.9999999936678594,0.9999999891706194,0.9872713120473587,0.9999999959563441
768,0.9999999936678594,0.9999999891706194,0.9872713120473587,0.9999999959563441
769,0.9999999936678594,0.9999999891706194,0.9872713120473587,0.9999999959563441
770,0.9999999936678594,0.9999999891706194,0.9872713120473587,0.9999999959563441
771,0.9999999936678594,0.9999999891706194,0.9872713120473587,0.9999999959563441
772,0.9999999936678594,0.9999999891706194,0.9872713120473587,0.9999999959563441
773,0.9999999936678594,0.9999999891706194,0.9872713120473587,0.9999999959563441
774,0.9999999936678594,0.9999999891706194,0.9872713120473587,0.9999999959563441
775,0.9999999936678594,0.9999999891706194,0.9872713120473587,0.9999999959563441
776,0.9999999936678594,0.9999999891706194,0.9872713120473587,0.9999999959563441
777,0.9999999936678594,0.9999999891706194,0.9872713120473587,0.9999999959563441
778,0.9999999936678594,0.9999999891706194,0.9872713120473587,0.9999999959563441
779,0.9999999936678594,0.9999999891706194,0.9872713120473587,0.9999999959563441
780,0.9999999936678594,0.9999999891706194,0.9872713120473587,0.9999999959563441
781,0.9999999936678594,0.9999999891706194,0.9872713120473587,0.9999999959563441
782,0.9999999936678594,0.9999999891706194,0.9872713120473587,0.9999999959563441
783,0.9999999936678594,0.9999999891706194,0.9872713120473587,0.9999999959563441
784,0.9999999936678594,0.9999999891706194,0.9872713120473587,0.9999999959563441
785,0.9999999936678594,0.9999999891706194,0.9872713120473587,0.9999999959563441
786,0.9999999936678594,0.9999999891706194,0.9872713120473587,0.9999999959563441
787,0.9999999936678594,0.9999999891706194,0.9872713120473587,0.9999999959563441
788,0.9999999936678594,0.9999999891706194,0.9872713120473587,0.9999999959563441
789,0.9999999936678594,0.9999999891706194,0.9872713120473587,0.9999999959563441
790,0.9999999936678594,0.9999999891706194,0.9872713120473587,0.9999999959563441
791,0.9999999936678594,0.9999999891706194,0.9872713120473587,0.9999999959563441
792,0.9999999936678594,0.9999999891706194,0.9872713120473587,0.9999999959563441
793,0.9999999936678594,0.9999999891706194,0.9872713120473587,0.9999999959563441
794,0.9999999936678594,0.9999999891706194,0.9872713120473587,0.9999999959563441
795,0.9999999936678594,0.9999999891706194,0.9872713120473587,0.9999999959563441
796,0.9999999936678594,0.9999999891706194,0.9872713120473587,0.9999999959563441
797,0.9999999936678594,0.9999999891706194,0.9872713120473587,0.9999999959563441
798,0.9999999936678594,0.9999999891706194,0.9872713120473587,0.9999999959563441
799,0.9999999936678594,0.9999999891706194,0.9872713120473587,0.9999999959563441
800,0.9999999936678594,0.9999999891706194,0.9872713120473587,0.9999999959563441
801,0.9999999936678594,0.9999999891706194,0.9872713120473587,0.9999999959563441
802,0.9999999936678594,0.9999999891706194,0.9872713120473587,0.9999999959563441
803,0.9999999936678594,0.9999999891706194,0.9872713120473587,0.9999999959563441
804,0.9999999936678594,0.9999999891706194,0.9872713120473587,0.9999999959563441
805,0.9999999936678594,0.9999999891706194,0.9872713120473587,0.9999999959563441
806,0.9999999936678594,0.9999999891706194,0.9872713120473587,0.9999999959563441
807,0.9999999936678594,0.9999999891706194,0.9872713120473587,0.9999999959563441
808,0.9999999936678594,0.9999999891706194,0.9872713120473587,0.9999999959563441
809,0.9999999936678594,0.9999999891706194,0.9872713120473587,0.9999999959563441
810,0.9999999936678594,0.9999999891706194,0.9872713120473587,0.9999999959563441
811,0.9999999936678594,0.9999999891706194,0.9872713120473587,0.9999999959563441
812,0.9999999936678594,0.9999999891706194,0.9872713120473587,0.9999999959563441
813,0.9999999936678594,0.9999999891706194,0.9872713120473587,0.9999999959563441
814,0.9999999936678594,0.9999999891706194,0.9872713120473587,0.9999999959563441
815,0.9999999936678594,0.9999999891706194,0.9872713120473587,0.9999999959563441
816,0.9999999936678594,0.9999999891706194,0.9872713120473587,0.9999999959563441
817,0.9999999936678594,0.9999999891706194,0.9872713120473587,0.9999999959563441
818,0.9999999936678594,0.9999999891706194,0.9872713120473587,0.9999999959563441
819,0.9999999936678594,0.9999999891706194,0.9872713120473587,0.9999999959563441
820,0.9999999936678594,0.9999999891706194,0.9872713120473587,0.9999999959563441
821,0.9999999936678594,0.9999999891706194,0.9872713120473587,0.9999999959563441
822,0.9999999936678594,0.9999999891706194,0.9872713120473587,0.9999999959563441
823,0.9999999936678594,0.9999999891706194,0.9872713120473587,0.9999999959563441
824,0.9999999936678594,0.9999999891706194,0.9872713120473587,0.9999999959563441
825,0.9999999936678594,0.9999999891706194,0.9872713120473587,0.9999999959563441
826,0.9999999936678594,0.9999999891706194,0.9872713120473587,0.9999999959563441
827,0.9999999936678594,0.9999999891706194,0.9872713120473587,0.9999999959563441
828,0.9999999936678594,0.9999999891706194,0.9872713120473587,0.9999999959563441
829,0.9999999936678594,0.9999999891706194,0.9872713120473587,0.9999999959563441
830,0.9999999936678594,0.9999999891706194,0.9872713120473587,0.9999999959563441
831,0.9999999936678594,0.9999999891706194,0.9872713120473587,0.9999999959563441
832,0.9999999936678594,0.9999999891706194,0.9872713120473587,0.9999999959563441
833,0.9999999936678594,0.9999999891706194,0.9872713120473587,0.9999999959563441
834,0.9999999936678594,0.9999999891706194,0.9872713120473587,0.9999999959563441
835,0.9999999936678594,0.9999999891706194,0.9872713120473587,0.9999999959563441
836,0.9999999936678594,0.9999999891706194,0.9872713120473587,0.9999999959563441
837,0.9999999936678594,0.9999999891706194,0.9872713120473587,0.9999999959563441
838,0.9999999936678594,0.9999999891706194,0.9872713120473587,0.9999999959563441
839,0.9999999936678594,0.9999999891706194,0.9872713120473587,0.9999999959563441
840,0.9999999936678594,0.9999999891706194,0.9872713120473587,0.9999999959563441
841,0.9999999936678594,0.9999999891706194,0.9872713120473587,0.9999999959563441
842,0.9999999936678594,0.9999999891706194,0.9872713120473587,0.9999999959563441
843,0.9999999936678594,0.9999999891706194,0.9872713120473587,0.9999999959563441
844,0.9999999936678594,0.9999999891706194,0.9872713120473587,0.9999999959563441
845,0.9999999936678594,0.9999999891706194,0.9872713120473587,0.9999999959563441
846,0.9999999936678594,0.9999999891706194,0.9872713120473587,0.9999999959563441
847,0.9999999936678594,0.9999999891706194,0.9872713120473587,0.9999999959563441
848,0.9999999936678594,0.9999999891706194,0.9872713120473587,0.9999999959563441
849,0.9999999936678594,0.9999999891706194,0.9872713120473587,0.9999999959563441
850,0.9999999936678594,0.9999999891706194,0.9872713120473587,0.9999999959563441
851,0.9999999936678594,0.9999999891706194,0.9872713120473587,0.9999999959563441
852,0.9999999936678594,0.9999999891706194,0.9872713120473587,0.9999999959563441
853,0.9999999936678594,0.9999999891706194,0.9872713120473587,0.9999999959563441
854,0.9999999936678594,0.9999999891706194,0.9872713120473587,0.9999999959563441
855,0.9999999936678594,0.9999999891706194,0.9872713120473587,0.9999999959563441
856,0.9999999936678594,0.9999999891706194,0.9872713120473587,0.9999999959563441
857,0.9999999936678594,0.9999999891706194,0.9872713120473587,0.9999999959563441
858,0.9999999936678594,0.9999999891706194,0.9872713120473587,0.9999999959563441
859,0.9999999936678594,0.9999999891706194,0.9872713120473587,0.9999999959563441
860,0.9999999936678594,0.9999999891706194,0.9872713120473587,0.9999999959563441
861,0.9999999936678594,0.9999999891706194,0.9872713120473587,0.9999999959563441
862,0.9999999936678594,0.9999999891706194,0.9872713120473587,0.9999999959563441
863,0.9999999936678594,0.9999999891706194,0.9872713120473587,0.9999999959563441
864,0.9999999936678594,0.9999999891706194,0.9872713120473587,0.9999999959563441
865,0.9999999936678594,0.9999999891706194,0.9872713120473587,0.9999999959563441
866,0.9999999936678594,0.9999999891706194,0.9872713120473587,0.9999999959563441
867,0.9999999936678594,0.9999999891706194,0.9872713120473587,0.9999999959563441
868,0.9999999936678594,0.9999999891706194,0.9872713120473587,0.9999999959563441
869,0.9999999936678594,0.9999999891706194,0.9872713120473587,0.9999999959563441
870,0.9999999936678594,0.9999999891706194,0.9872713120473587,0.9999999959563441
871,0.9999999936678594,0.9999999891706194,0.9872713120473587,0.9999999959563441
872,0.9999999936678594,0.9999999891706194,0.9872713120473587,0.9999999959563441
873,0.9999999936678594,0.9999999891706194,0.9872713120473587,0.9999999959563441
874,0.9999999936678594,0.9999999891706194,0.9872713120473587,0.9999999959563441
875,0.9999999936678594,0.9999999891706194,0.9872713120473587,0.9999999959563441
876,0.9999999936678594,0.9999999891706194,0.9872713120473587,0.9999999959563441
877,0.9999999936678594,0.9999999891706194,0.9872713120473587,0.9999999959563441
878,0.9999999936678594,0.9999999891706194,0.9872713120473587,0.9999999959563441
879,0.9999999936678594,0.9999999891706194,0.9872713120473587,0.9999999959563441
880,0.9999999936678594,0.9999999891706194,0.9872713120473587,0.9999999959563441
881,0.9999999936678594,0.9999999891706194,0.9872713120473587,0.9999999959563441
882,0.9999999936678594,0.9999999891706194,0.9872713120473587,0.9999999959563441
883,0.9999999936678594,0.9999999891706194,0.9872713120473587,0.9999999959563441
884,0.9999999936678594,0.9999999891706194,0.9872713120473587,0.9999999959563441
885,0.9999999936678594,0.9999999891706194,0.9872713120473587,0.9999999959563441
886,0.9999999936678594,0.9999999891706194,0.9872713120473587,0.9999999959563441
887,0.9999999936678594,0.9999999891706194,0.9872713120473587,0.9999999959563441
888,0.9999999936678594,0.9999999891706194,0.9872713120473587,0.9999999959563441
889,0.9999999936678594,0.9999999891706194,0.9872713120473587,0.9999999959563441
890,0.9999999936678594,0.9999999891706194,0.9872713120473587,0.9999999959563441
891,0.9999999936678594,0.9999999891706194,0.9872713120473587,0.9999999959563441
892,0.9999999936678594,0.9999999891706194,0.9872713120473587,0.9999999959563441
893,0.9999999936678594,0.9999999891706194,0.9872713120473587,0.9999999959563441
894,0.9999999936678594,0.9999999891706194,0.9872713120473587,0.9999999959563441
895,0.9999999936678594,0.9999999891706194,0.9872713120473587,0.9999999959563441
896,0.9999999936678594,0.9999999891706194,0.9872713120473587,0.9999999959563441
897,0.9999999936678594,0.9999999891706194,0.9872713120473587,0.9999999959563441
898,0.9999999936678594,0.9999999891706194,0.9872713120473587,0.9999999959563441
899,0.9999999936678594,0.9999999891706194,0.9872713120473587,0.9999999959563441
900,0.9999999936678594,0.9999999891706194,0.9872713120473587,0.9999999959563441
901,0.999988439824643,0.008629604609888819,0.6186289990402895,0.29233214531558105
902,0.999964479442501,0.8614583715890185,0.875876173560375,0.9278644722036078
903,0.9999371363317822,0.7750496915227673,0.8673281953150169,0.7380034300207401
904,0.9999008493848076,0.4030606600659641,0.7179361328739273,0.297772051039741
905,0.9998539138905911,0.28672926655667896,0.6763251521687738,0.15656367430595042
906,0.9997952178444445,0.3606787803531223,0.7118761751987428,0.22062596535407442
907,0.9997242798388505,0.5213926378958909,0.7810558865398831,0.4513349484448623
908,0.9996433350025065,0.5923649468929741,0.798526868177349,0.7042254301869519
909,0.9995557866423744,0.507309461819281,0.7428283874360035,0.8734388620999252
910,0.9994641868132871,0.32263691258667315,0.6538892520758053,0.9400901185837758
911,0.9993669894209545,0.13641346238905505,0.5762055711736468,0.9393691742032441
912,0.9992591400841762,0.06242423221872928,0.5485724910639106,0.9227864135095742
913,0.9991373030072507,0.2204373727477812,0.6066373060181709,0.9416947314675201
914,0.9990091718995163,0.4740796732417554,0.6806145541905767,0.9111627327777858
915,0.9988894141782327,0.5586008678158314,0.7157717615663552,0.7786536298711758
916,0.9987796248891129,0.6401592281132371,0.7944773185819496,0.71760863887898
917,0.998665015924624,0.5754452760910542,0.8098306755329713,0.4845157135018
918,0.9985340185208564,0.4964350376251433,0.7923068347804871,0.29119268286738265
919,0.9983868625850458,0.575068303675599,0.8127606290269758,0.38419485284152854
920,0.9982271274830924,0.7075571409022574,0.8485450020854273,0.6180579827419266
921,0.9980638178208959,0.7498648574214353,0.8543595036081266,0.7537548004710323
922,0.9979125042364092,0.7510311225401531,0.844041199334022,0.7914232242674186
923,0.997786318502896,0.8246253346727941,0.85794197283554,0.8659331402827417
924,0.9976890195665722,0.9217899537704674,0.8849024829105416,0.9465298652596299
925,0.9976151787209785,0.952964076498674,0.8998136878016914,0.9456710266882908
926,0.9975477876155652,0.8641101249380695,0.8832349792854959,0.8957933630647478
927,0.9974874481085362,0.5408564596649992,0.7562914032771365,0.7978529628207733
928,0.9974333062336194,0.165086216688331,0.6134699596302878,0.6713194188815966
929,0.997383563736329,-0.04209702141798499,0.537948468849499,0.6335502196135703
930,0.9973353291553301,0.11158393249207454,0.5908623628404341,0.7855007635353539
931,0.9972905035548082,0.39055784173672103,0.6920100217993848,0.9454306672785259
932,0.9972493352957756,0.6260775694695524,0.7875166140849681,0.9949035758832835
933,0.9972125670351298,0.7948304158785161,0.863957934169435,0.9759192978117688
934,0.9971833582004542,0.9067177857459653,0.9120360339360079,0.9474110457976165
935,0.9971642161598847,0.9506458219697576,0.9176666255130682,0.9258722996700448
936,0.9971527831532734,0.939137602598052,0.8911357312399277,0.9237062270369535
937,0.9971450139877892,0.8977001755928754,0.8582353075821676,0.9385456238006388
938,0.9971222225082171,0.8920011928132797,0.8652021117893072,0.9739886305416001
939,0.9970913384955697,0.9157481591685004,0.8925098803182834,0.9761996762198937
940,0.9970586618712357,0.9561648443670666,0.9183124022863193,0.9686490456915536
941,0.9970247111649325,0.978113845091032,0.9294985406261185,0.9794050088663866
942,0.9969910495928336,0.9476560852651078,0.9206784793052672,0.9942940374277637
943,0.9969590262156371,0.8739261875813255,0.8996705923557093,0.9887425485207011
944,0.9969291673743343,0.7814044564059992,0.8746143236250232,0.9441999693631387
945,0.9969010603457221,0.6898348366962496,0.8494094632793971,0.8581164357293828
946,0.9968733770114507,0.6297526926748488,0.8319918791366371,0.7663771812885276
947,0.9968442157417708,0.6381041106497369,0.8344743479637738,0.7293523454803542
948,0.9968065399146464,0.7314233558912788,0.8643130663218908,0.8090746614883416
949,0.9967653585636834,0.8485005707580332,0.9003907848541519,0.9079093529876691
950,0.9967209827267431,0.9414202092036892,0.9273222474781515,0.9745208432817971
951,0.9966747679958398,0.9839113399605807,0.9377531329669868,0.9916816220151566
952,0.996629028423398,0.9774185715438143,0.9326749321039508,0.9782122182715546
953,0.9965863449970404,0.9553243450375468,0.9214388522294719,0.9727765699362138
954,0.9965482805434713,0.9491195341648697,0.9130403011659464,0.9884529914899298
955,0.9965144142442074,0.952124844146049,0.9074834371944903,0.9963817595151897
956,0.996480463225873,0.950176590549417,0.9043693062877536,0.9806653695189447
957,0.9964423294866185,0.9552265135008867,0.9100816599246352,0.9653168757041257
958,0.9964002998616004,0.9710882158840651,0.9248075670696635,0.9661247544870715
959,0.9963587561788665,0.9785609174264605,0.9382273366706155,0.973778196325312
960,0.996320156531615,0.9593193932292262,0.9398191468147454,0.975079823510461
961,0.9962874724158451,0.9153611344045697,0.9284487911114687,0.9662105003927395
962,0.996263144565067,0.873128321866438,0.9150658470903114,0.9564164661697969
963,0.9962484057678823,0.8614464642894467,0.9123893332420462,0.9557237219687333
964,0.996243148557909,0.8865394031263478,0.923086083872489,0.9637137656425095
965,0.9962461200285861,0.9286134155293291,0.9383389232605347,0.971507034236552
966,0.9962552753016681,0.9618389889302723,0.9472354882991878,0.9734948925737017
967,0.9962684359967139,0.9765379435293237,0.9468661736786317,0.9734636201327798
968,0.9962841557403634,0.9792408343758795,0.9420692860518916,0.9793333502559871
969,0.9963025443321188,0.9781459583476734,0.9384150361618929,0.9908026559724249
970,0.9963254535030328,0.9753157605937228,0.9377373701612752,0.9982435166503597
971,0.9963557274066993,0.9730169346099415,0.939928115279641,0.9960700371631198
972,0.9963957638008677,0.9770982504946142,0.9451239222447312,0.9913474764168564
973,0.9964462373654778,0.9874174523438252,0.9521221161105693,0.9922550640280385
974,0.996505819876518,0.9951181350604462,0.9579426175029988,0.9964943786921903
975,0.9965719232975357,0.9941226950781188,0.9607291465472647,0.9977952296500896
976,0.9966418194018528,0.9858654403291424,0.9607074077089846,0.9939196896430942
977,0.9967135106151701,0.9736339580227628,0.958563042603157,0.9857375534219848
978,0.9967860936642718,0.9604012925958876,0.9551330603408743,0.9758424136035097
979,0.9968596870365636,0.9510550656237661,0.952255269723139,0.9687890511062872
980,0.9969350943551225,0.9507432105354253,0.9519930543395401,0.9683192385436822
981,0.9970132989625261,0.960052453640323,0.9546547044904758,0.9740714065536493
982,0.9970948699461291,0.9750070546539547,0.959029998264888,0.9833745856002609
983,0.9971795093616613,0.9890416122721436,0.9626919316511152,0.9926256050347696
984,0.9972659793080074,0.9963634634826232,0.9635503483859158,0.9979255693690674
985,0.9973524764101221,0.9955926408673024,0.9613401355724982,0.9976695357765201
986,0.9974372608275857,0.9912081946072979,0.9581269740786375,0.9950585626429045
987,0.997519220032096,0.9890293721351902,0.9565188134753743,0.9946254765721216
988,0.9975980807479458,0.9904640009635235,0.9573504997338474,0.9967252368917555
989,0.9976741751966921,0.9928196717736515,0.959560650017102,0.9980924583229978
990,0.9977479326822174,0.9942644049954349,0.9619704805621728,0.9973597001740729
991,0.9978194359161339,0.9952220803613617,0.9641766392680593,0.9964131824437678
992,0.9978883061073571,0.9949843597894429,0.9657690035354392,0.9958463458237095
993,0.9979539100315424,0.9915110033419055,0.9661491653895359,0.993774788546297
994,0.9980156826078839,0.985336427985063,0.9654897547549983,0.9900123741665962
995,0.9980733590587115,0.9803254106780908,0.9648914127937388,0.9874064366095899
996,0.9981270156868601,0.9800393575008147,0.9653313518780846,0.9883015028075288
997,0.9981769378743452,0.984580716922683,0.9667769076334052,0.9917855273960793
998,0.9982234137672421,0.9908524093988262,0.9682961358348274,0.9950336332369709
999,0.9982665656216572,0.9953814825840762,0.9688601643531263,0.9965299508217969
